"Metrics","Pharo","DAST","DAST with traces","Instrumenter","Instrumenter with traces","Instrumenter installation time"
"Average","3.55","20120.24","18641.61","33.71","25.7","3949.6"
"Confidence interval","3.55 ± 0.2678467472268424","20120.24 ± 360.4285169677316","18641.61 ± 237.77557557656422","33.71 ± 0.20611708905377057","25.7 ± 2.4947497189096945","3949.6 ± 20.50186233101764"
