"Ratio","Result"
"DAST / Pharo","7133.87777777778"
"DAST-T / DAST","1.0622082582482"
"Inst / Pharo","9.21111111111111"
"Inst-T / Inst","8.44209891435465"
